Workbook

Sheet Start here
B1: AI System Inventory & Risk Register
B2: By John Bommeraveni Joseph | linkedin.com/in/john-bj | Free every weekday: GRC Made Simple Daily
B5: What this is
B6: A working register for every AI system your organisation builds, buys or uses: what it is, who owns it, what data it touches, what it is allowed to do, how the EU AI Act classifies it, and the risks you are treating. Built for ISO/IEC 42001 programmes, EU AI Act readiness and internal audit.
B7: How to use it (about 2 hours for a first pass)
B8: 1. AI Inventory: one row per AI system. Start with what touches customers or personal data. Include AI features that arrived inside existing SaaS tools and the personal accounts people use (shadow AI).
B9: 2. Fill the yellow cells using the drop-downs. Grey cells are formulas - do not type in them.
B10: 3. Read the Flags column: it warns you about missing impact assessments, unclassified systems and the 'lethal trifecta' (private data + untrusted input + ability to act externally).
B11: 4. Risk Register: write each risk as cause, event and consequence; score likelihood and impact 1-5 using the Scoring Guide; record the treatment, owner and due date.
B12: 5. Dashboard: the summary for your risk committee or board. Heat Map shows where your risks sit.
B13: 6. Review every system at least every 6 months, and whenever its provider, model, data or purpose changes.
B14: Legend
... B18: Version 1.0 - 27 October 2026. Free to use and share with this credit kept.

Sheet Dashboard
B1: AI Governance Dashboard
B2: By John Bommeraveni Joseph | linkedin.com/in/john-bj | Free every weekday: GRC Made Simple Daily
B5: Measure | C5: Count
B6: AI systems in the inventory | C6: =COUNTA('AI Inventory'!$A$6:$A$155) -> 1
B7: ...in production | C7: =COUNTIF('AI Inventory'!$J$6:$J$155,"Production") -> 1
B8: ...processing personal data | C8: =COUNTIF('AI Inventory'!$K$6:$K$155,"Yes") -> 1
B9: ...that decide automatically | C9: =COUNTIF('AI Inventory'!$M$6:$M$155,"Decides automatically") -> 0
B10: Prohibited practices found (must stop) | C10: =COUNTIF('AI Inventory'!$R$6:$R$155,"Prohibited*") -> 0
B11: High-risk systems (Annex I or Annex III) | C11: =COUNTIF('AI Inventory'!$R$6:$R$155,"High-risk*") -> 0
B12: Systems with transparency obligations | C12: =COUNTIF('AI Inventory'!$R$6:$R$155,"Transparency*") -> 1
B13: Not yet classified under the AI Act | C13: =COUNTIFS('AI Inventory'!$A$6:$A$155,"<>",'AI Inventory'!$R$6:$R$155,"To assess")+COUNTIFS('AI Inventory'!$A$6:$A$155,"<>",'AI Inventory'!$R$6:$R$155,"") -> 0
B14: Impact assessments outstanding | C14: =COUNTIFS('AI Inventory'!$A$6:$A$155,"<>",'AI Inventory'!$T$6:$T$155,"<>Yes") -> 1
B15: Lethal trifecta systems (data + untrusted input + external action) | C15: =COUNTIFS('AI Inventory'!$K$6:$K$155,"Yes",'AI Inventory'!$O$6:$O$155,"Yes",'AI Inventory'!$P$6:$P$155,"Yes") -> 1
B16: Production systems without full logging | C16: =COUNTIFS('AI Inventory'!$J$6:$J$155,"Production",'AI Inventory'!$V$6:$V$155,"<>Yes") -> 0
B17: Reviews overdue | C17: =COUNTIFS('AI Inventory'!$X$6:$X$155,"<"&TODAY()) -> 0
B18: Open risks rated High (inherent) | C18: =COUNTIFS('Risk Register'!$K:$K,"High",'Risk Register'!$V:$V,"<>Done") -> 1
B19: Open risks rated High (residual) | C19: =COUNTIFS('Risk Register'!$Q:$Q,"High",'Risk Register'!$V:$V,"<>Done") -> 0
B20: Treatments overdue | C20: =COUNTIF('Risk Register'!$X:$X,"OVERDUE") -> 0
B21: Risks accepted (check sign-off is recorded) | C21: =COUNTIF('Risk Register'!$R:$R,"Accept") -> 0
B23: Red = needs action. The worked examples on rows 6 of each register are counted until you delete them.

Sheet AI Inventory
B1: AI Inventory
B2: By John Bommeraveni Joseph | linkedin.com/in/john-bj | Free every weekday: GRC Made Simple Daily
A5: ID | B5: AI system name | C5: Business owner | D5: Technical owner | E5: Business purpose | F5: Users and affected people | G5: AI type | H5: How it is built or bought | I5: Provider / model | J5: Status | K5: Personal data processed? | L5: Special-category data? | M5: Decides or advises? | N5: Tools / actions it can take | O5: Can it act externally (send, write, execute)? | P5: Reads untrusted content (web, email, documents, tickets)? | Q5: EU AI Act role | R5: EU AI Act classification | S5: Annex III area (if high-risk) | T5: Impact assessment done (ISO/IEC 42001 A.5) | U5: Human oversight defined? | V5: Logging of inputs, actions and outputs? | W5: Last reviewed | X5: Next review due | Y5: Highest open inherent risk score | Z5: Flags
A6: AI-001 | B6: Customer support assistant | C6: Head of Customer Service | D6: Platform Engineering Lead | E6: Drafts replies to customer emails and looks up order status | F6: Support agents; customers | G6: AI agent with tools | H6: Vendor model API | I6: Example: hosted LLM API | J6: Production | K6: Yes | L6: No | M6: Advises a human who decides | N6: Reads order system; drafts email replies | O6: Yes | P6: Yes | Q6: Deployer | R6: Transparency obligations (Art. 50) | S6: Not applicable | T6: In progress | U6: Partly | V6: Yes | W6: 46296 | X6: =IF(W6="","",W6+182) -> 46478 | Y6: =IF(A6="","",IFERROR(_xlfn.MAXIFS('Risk Register'!$J:$J,'Risk Register'!$B:$B,A6,'Risk Register'!$V:$V,"<>Done"),0)) -> 15 | Z6: =IF(A6="","",IF(LEFT(R6,10)="Prohibite","STOP - prohibited practice under Art. 5. ","")&IF(OR(Q6="To assess",R6="To assess",Q6="",R6=""),"Classify role and risk class. ","")&IF(AND(K6="Yes",O6="Yes",P6="Yes"),"Lethal trifecta: private data + untrusted input + external action - remove one leg. ","")&IF(AND(LEFT(R6,9)="High-risk",S6="Not applicable",MID(R6,13,9)="Annex III"),"Pick the Annex III area. ","")&IF(AND(OR(K6="Yes",LEFT(R6,9)="High-risk"),T6<>"Yes"),"Impact assessment outstanding. ","")&IF(AND(M6="Decides automatically",U6<>"Yes"),"Automated decision without defined human oversight. ","")&IF(AND(J6="Production",V6<>"Yes"),"Production system without full logging. ","")&IF(AND(X6<>"",X6<TODAY()),"Review overdue. ","")&IF(B6="","Name the system. ","")) -> Lethal trifecta: private data + untrusted input + external action - remove one leg. Impact assessment outstanding.
X7: =IF(W7="","",W7+182) | Y7: =IF(A7="","",IFERROR(_xlfn.MAXIFS('Risk Register'!$J:$J,'Risk Register'!$B:$B,A7,'Risk Register'!$V:$V,"<>Done"),0)) | Z7: =IF(A7="","",IF(LEFT(R7,10)="Prohibite","STOP - prohibited practice under Art. 5. ","")&IF(OR(Q7="To assess",R7="To assess",Q7="",R7=""),"Classify role and risk class. ","")&IF(AND(K7="Yes",O7="Yes",P7="Yes"),"Lethal trifecta: private data + untrusted input + external action - remove one leg. ","")&IF(AND(LEFT(R7,9)="High-risk",S7="Not applicable",MID(R7,13,9)="Annex III"),"Pick the Annex III area. ","")&IF(AND(OR(K7="Yes",LEFT(R7,9)="High-risk"),T7<>"Yes"),"Impact assessment outstanding. ","")&IF(AND(M7="Decides automatically",U7<>"Yes"),"Automated decision without defined human oversight. ","")&IF(AND(J7="Production",V7<>"Yes"),"Production system without full logging. ","")&IF(AND(X7<>"",X7<TODAY()),"Review overdue. ","")&IF(B7="","Name the system. ",""))
X8: =IF(W8="","",W8+182) | Y8: =IF(A8="","",IFERROR(_xlfn.MAXIFS('Risk Register'!$J:$J,'Risk Register'!$B:$B,A8,'Risk Register'!$V:$V,"<>Done"),0)) | Z8: =IF(A8="","",IF(LEFT(R8,10)="Prohibite","STOP - prohibited practice under Art. 5. ","")&IF(OR(Q8="To assess",R8="To assess",Q8="",R8=""),"Classify role and risk class. ","")&IF(AND(K8="Yes",O8="Yes",P8="Yes"),"Lethal trifecta: private data + untrusted input + external action - remove one leg. ","")&IF(AND(LEFT(R8,9)="High-risk",S8="Not applicable",MID(R8,13,9)="Annex III"),"Pick the Annex III area. ","")&IF(AND(OR(K8="Yes",LEFT(R8,9)="High-risk"),T8<>"Yes"),"Impact assessment outstanding. ","")&IF(AND(M8="Decides automatically",U8<>"Yes"),"Automated decision without defined human oversight. ","")&IF(AND(J8="Production",V8<>"Yes"),"Production system without full logging. ","")&IF(AND(X8<>"",X8<TODAY()),"Review overdue. ","")&IF(B8="","Name the system. ",""))
X9: =IF(W9="","",W9+182) | Y9: =IF(A9="","",IFERROR(_xlfn.MAXIFS('Risk Register'!$J:$J,'Risk Register'!$B:$B,A9,'Risk Register'!$V:$V,"<>Done"),0)) | Z9: =IF(A9="","",IF(LEFT(R9,10)="Prohibite","STOP - prohibited practice under Art. 5. ","")&IF(OR(Q9="To assess",R9="To assess",Q9="",R9=""),"Classify role and risk class. ","")&IF(AND(K9="Yes",O9="Yes",P9="Yes"),"Lethal trifecta: private data + untrusted input + external action - remove one leg. ","")&IF(AND(LEFT(R9,9)="High-risk",S9="Not applicable",MID(R9,13,9)="Annex III"),"Pick the Annex III area. ","")&IF(AND(OR(K9="Yes",LEFT(R9,9)="High-risk"),T9<>"Yes"),"Impact assessment outstanding. ","")&IF(AND(M9="Decides automatically",U9<>"Yes"),"Automated decision without defined human oversight. ","")&IF(AND(J9="Production",V9<>"Yes"),"Production system without full logging. ","")&IF(AND(X9<>"",X9<TODAY()),"Review overdue. ","")&IF(B9="","Name the system. ",""))
X10: =IF(W10="","",W10+182) | Y10: =IF(A10="","",IFERROR(_xlfn.MAXIFS('Risk Register'!$J:$J,'Risk Register'!$B:$B,A10,'Risk Register'!$V:$V,"<>Done"),0)) | Z10: =IF(A10="","",IF(LEFT(R10,10)="Prohibite","STOP - prohibited practice under Art. 5. ","")&IF(OR(Q10="To assess",R10="To assess",Q10="",R10=""),"Classify role and risk class. ","")&IF(AND(K10="Yes",O10="Yes",P10="Yes"),"Lethal trifecta: private data + untrusted input + external action - remove one leg. ","")&IF(AND(LEFT(R10,9)="High-risk",S10="Not applicable",MID(R10,13,9)="Annex III"),"Pick the Annex III area. ","")&IF(AND(OR(K10="Yes",LEFT(R10,9)="High-risk"),T10<>"Yes"),"Impact assessment outstanding. ","")&IF(AND(M10="Decides automatically",U10<>"Yes"),"Automated decision without defined human oversight. ","")&IF(AND(J10="Production",V10<>"Yes"),"Production system without full logging. ","")&IF(AND(X10<>"",X10<TODAY()),"Review overdue. ","")&IF(B10="","Name the system. ",""))
X11: =IF(W11="","",W11+182) | Y11: =IF(A11="","",IFERROR(_xlfn.MAXIFS('Risk Register'!$J:$J,'Risk Register'!$B:$B,A11,'Risk Register'!$V:$V,"<>Done"),0)) | Z11: =IF(A11="","",IF(LEFT(R11,10)="Prohibite","STOP - prohibited practice under Art. 5. ","")&IF(OR(Q11="To assess",R11="To assess",Q11="",R11=""),"Classify role and risk class. ","")&IF(AND(K11="Yes",O11="Yes",P11="Yes"),"Lethal trifecta: private data + untrusted input + external action - remove one leg. ","")&IF(AND(LEFT(R11,9)="High-risk",S11="Not applicable",MID(R11,13,9)="Annex III"),"Pick the Annex III area. ","")&IF(AND(OR(K11="Yes",LEFT(R11,9)="High-risk"),T11<>"Yes"),"Impact assessment outstanding. ","")&IF(AND(M11="Decides automatically",U11<>"Yes"),"Automated decision without defined human oversight. ","")&IF(AND(J11="Production",V11<>"Yes"),"Production system without full logging. ","")&IF(AND(X11<>"",X11<TODAY()),"Review overdue. ","")&IF(B11="","Name the system. ",""))
X12: =IF(W12="","",W12+182) | Y12: =IF(A12="","",IFERROR(_xlfn.MAXIFS('Risk Register'!$J:$J,'Risk Register'!$B:$B,A12,'Risk Register'!$V:$V,"<>Done"),0)) | Z12: =IF(A12="","",IF(LEFT(R12,10)="Prohibite","STOP - prohibited practice under Art. 5. ","")&IF(OR(Q12="To assess",R12="To assess",Q12="",R12=""),"Classify role and risk class. ","")&IF(AND(K12="Yes",O12="Yes",P12="Yes"),"Lethal trifecta: private data + untrusted input + external action - remove one leg. ","")&IF(AND(LEFT(R12,9)="High-risk",S12="Not applicable",MID(R12,13,9)="Annex III"),"Pick the Annex III area. ","")&IF(AND(OR(K12="Yes",LEFT(R12,9)="High-risk"),T12<>"Yes"),"Impact assessment outstanding. ","")&IF(AND(M12="Decides automatically",U12<>"Yes"),"Automated decision without defined human oversight. ","")&IF(AND(J12="Production",V12<>"Yes"),"Production system without full logging. ","")&IF(AND(X12<>"",X12<TODAY()),"Review overdue. ","")&IF(B12="","Name the system. ",""))
X13: =IF(W13="","",W13+182) | Y13: =IF(A13="","",IFERROR(_xlfn.MAXIFS('Risk Register'!$J:$J,'Risk Register'!$B:$B,A13,'Risk Register'!$V:$V,"<>Done"),0)) | Z13: =IF(A13="","",IF(LEFT(R13,10)="Prohibite","STOP - prohibited practice under Art. 5. ","")&IF(OR(Q13="To assess",R13="To assess",Q13="",R13=""),"Classify role and risk class. ","")&IF(AND(K13="Yes",O13="Yes",P13="Yes"),"Lethal trifecta: private data + untrusted input + external action - remove one leg. ","")&IF(AND(LEFT(R13,9)="High-risk",S13="Not applicable",MID(R13,13,9)="Annex III"),"Pick the Annex III area. ","")&IF(AND(OR(K13="Yes",LEFT(R13,9)="High-risk"),T13<>"Yes"),"Impact assessment outstanding. ","")&IF(AND(M13="Decides automatically",U13<>"Yes"),"Automated decision without defined human oversight. ","")&IF(AND(J13="Production",V13<>"Yes"),"Production system without full logging. ","")&IF(AND(X13<>"",X13<TODAY()),"Review overdue. ","")&IF(B13="","Name the system. ",""))
X14: =IF(W14="","",W14+182) | Y14: =IF(A14="","",IFERROR(_xlfn.MAXIFS('Risk Register'!$J:$J,'Risk Register'!$B:$B,A14,'Risk Register'!$V:$V,"<>Done"),0)) | Z14: =IF(A14="","",IF(LEFT(R14,10)="Prohibite","STOP - prohibited practice under Art. 5. ","")&IF(OR(Q14="To assess",R14="To assess",Q14="",R14=""),"Classify role and risk class. ","")&IF(AND(K14="Yes",O14="Yes",P14="Yes"),"Lethal trifecta: private data + untrusted input + external action - remove one leg. ","")&IF(AND(LEFT(R14,9)="High-risk",S14="Not applicable",MID(R14,13,9)="Annex III"),"Pick the Annex III area. ","")&IF(AND(OR(K14="Yes",LEFT(R14,9)="High-risk"),T14<>"Yes"),"Impact assessment outstanding. ","")&IF(AND(M14="Decides automatically",U14<>"Yes"),"Automated decision without defined human oversight. ","")&IF(AND(J14="Production",V14<>"Yes"),"Production system without full logging. ","")&IF(AND(X14<>"",X14<TODAY()),"Review overdue. ","")&IF(B14="","Name the system. ",""))
X15: =IF(W15="","",W15+182) | Y15: =IF(A15="","",IFERROR(_xlfn.MAXIFS('Risk Register'!$J:$J,'Risk Register'!$B:$B,A15,'Risk Register'!$V:$V,"<>Done"),0)) | Z15: =IF(A15="","",IF(LEFT(R15,10)="Prohibite","STOP - prohibited practice under Art. 5. ","")&IF(OR(Q15="To assess",R15="To assess",Q15="",R15=""),"Classify role and risk class. ","")&IF(AND(K15="Yes",O15="Yes",P15="Yes"),"Lethal trifecta: private data + untrusted input + external action - remove one leg. ","")&IF(AND(LEFT(R15,9)="High-risk",S15="Not applicable",MID(R15,13,9)="Annex III"),"Pick the Annex III area. ","")&IF(AND(OR(K15="Yes",LEFT(R15,9)="High-risk"),T15<>"Yes"),"Impact assessment outstanding. ","")&IF(AND(M15="Decides automatically",U15<>"Yes"),"Automated decision without defined human oversight. ","")&IF(AND(J15="Production",V15<>"Yes"),"Production system without full logging. ","")&IF(AND(X15<>"",X15<TODAY()),"Review overdue. ","")&IF(B15="","Name the system. ",""))
X16: =IF(W16="","",W16+182) | Y16: =IF(A16="","",IFERROR(_xlfn.MAXIFS('Risk Register'!$J:$J,'Risk Register'!$B:$B,A16,'Risk Register'!$V:$V,"<>Done"),0)) | Z16: =IF(A16="","",IF(LEFT(R16,10)="Prohibite","STOP - prohibited practice under Art. 5. ","")&IF(OR(Q16="To assess",R16="To assess",Q16="",R16=""),"Classify role and risk class. ","")&IF(AND(K16="Yes",O16="Yes",P16="Yes"),"Lethal trifecta: private data + untrusted input + external action - remove one leg. ","")&IF(AND(LEFT(R16,9)="High-risk",S16="Not applicable",MID(R16,13,9)="Annex III"),"Pick the Annex III area. ","")&IF(AND(OR(K16="Yes",LEFT(R16,9)="High-risk"),T16<>"Yes"),"Impact assessment outstanding. ","")&IF(AND(M16="Decides automatically",U16<>"Yes"),"Automated decision without defined human oversight. ","")&IF(AND(J16="Production",V16<>"Yes"),"Production system without full logging. ","")&IF(AND(X16<>"",X16<TODAY()),"Review overdue. ","")&IF(B16="","Name the system. ",""))
X17: =IF(W17="","",W17+182) | Y17: =IF(A17="","",IFERROR(_xlfn.MAXIFS('Risk Register'!$J:$J,'Risk Register'!$B:$B,A17,'Risk Register'!$V:$V,"<>Done"),0)) | Z17: =IF(A17="","",IF(LEFT(R17,10)="Prohibite","STOP - prohibited practice under Art. 5. ","")&IF(OR(Q17="To assess",R17="To assess",Q17="",R17=""),"Classify role and risk class. ","")&IF(AND(K17="Yes",O17="Yes",P17="Yes"),"Lethal trifecta: private data + untrusted input + external action - remove one leg. ","")&IF(AND(LEFT(R17,9)="High-risk",S17="Not applicable",MID(R17,13,9)="Annex III"),"Pick the Annex III area. ","")&IF(AND(OR(K17="Yes",LEFT(R17,9)="High-risk"),T17<>"Yes"),"Impact assessment outstanding. ","")&IF(AND(M17="Decides automatically",U17<>"Yes"),"Automated decision without defined human oversight. ","")&IF(AND(J17="Production",V17<>"Yes"),"Production system without full logging. ","")&IF(AND(X17<>"",X17<TODAY()),"Review overdue. ","")&IF(B17="","Name the system. ",""))
X18: =IF(W18="","",W18+182) | Y18: =IF(A18="","",IFERROR(_xlfn.MAXIFS('Risk Register'!$J:$J,'Risk Register'!$B:$B,A18,'Risk Register'!$V:$V,"<>Done"),0)) | Z18: =IF(A18="","",IF(LEFT(R18,10)="Prohibite","STOP - prohibited practice under Art. 5. ","")&IF(OR(Q18="To assess",R18="To assess",Q18="",R18=""),"Classify role and risk class. ","")&IF(AND(K18="Yes",O18="Yes",P18="Yes"),"Lethal trifecta: private data + untrusted input + external action - remove one leg. ","")&IF(AND(LEFT(R18,9)="High-risk",S18="Not applicable",MID(R18,13,9)="Annex III"),"Pick the Annex III area. ","")&IF(AND(OR(K18="Yes",LEFT(R18,9)="High-risk"),T18<>"Yes"),"Impact assessment outstanding. ","")&IF(AND(M18="Decides automatically",U18<>"Yes"),"Automated decision without defined human oversight. ","")&IF(AND(J18="Production",V18<>"Yes"),"Production system without full logging. ","")&IF(AND(X18<>"",X18<TODAY()),"Review overdue. ","")&IF(B18="","Name the system. ",""))
... X155: =IF(W155="","",W155+182) | Y155: =IF(A155="","",IFERROR(_xlfn.MAXIFS('Risk Register'!$J:$J,'Risk Register'!$B:$B,A155,'Risk Register'!$V:$V,"<>Done"),0)) | Z155: =IF(A155="","",IF(LEFT(R155,10)="Prohibite","STOP - prohibited practice under Art. 5. ","")&IF(OR(Q155="To assess",R155="To assess",Q155="",R155=""),"Classify role and risk class. ","")&IF(AND(K155="Yes",O155="Yes",P155="Yes"),"Lethal trifecta: private data + untrusted input + external action - remove one leg. ","")&IF(AND(LEFT(R155,9)="High-risk",S155="Not applicable",MID(R155,13,9)="Annex III"),"Pick the Annex III area. ","")&IF(AND(OR(K155="Yes",LEFT(R155,9)="High-risk"),T155<>"Yes"),"Impact assessment outstanding. ","")&IF(AND(M155="Decides automatically",U155<>"Yes"),"Automated decision without defined human oversight. ","")&IF(AND(J155="Production",V155<>"Yes"),"Production system without full logging. ","")&IF(AND(X155<>"",X155<TODAY()),"Review overdue. ","")&IF(B155="","Name the system. ",""))

Sheet Risk Register
B1: AI Risk Register
B2: By John Bommeraveni Joseph | linkedin.com/in/john-bj | Free every weekday: GRC Made Simple Daily
A5: Risk ID | B5: AI system ID | C5: AI system name | D5: Risk category | E5: Cause (because...) | F5: Event (...this could happen...) | G5: Consequence (...resulting in) | H5: Likelihood 1-5 | I5: Impact 1-5 | J5: Inherent score | K5: Inherent rating | L5: Existing controls | M5: ISO/IEC 42001 Annex A area | N5: Residual likelihood 1-5 | O5: Residual impact 1-5 | P5: Residual score | Q5: Residual rating | R5: Treatment | S5: Treatment action | T5: Owner | U5: Due date | V5: Status | W5: If accepted: accepted by and date | X5: Overdue?
A6: R-001 | B6: AI-001 | C6: =IF(B6="","",IFERROR(INDEX('AI Inventory'!$B:$B,MATCH(B6,'AI Inventory'!$A:$A,0)),"ID not in inventory")) -> Customer support assistant | D6: Security - prompt injection | E6: Because the assistant reads customer emails and can look up orders | F6: a hidden instruction in an incoming email could make it reveal another customer's order details | G6: resulting in a personal data breach and a notifiable incident | H6: 3 | I6: 5 | J6: =IF(OR(H6="",I6=""),"",VALUE(H6)*VALUE(I6)) -> 15 | K6: =IF(J6="","",IF(J6>=15,"High",IF(J6>=8,"Medium","Low"))) -> High | L6: Order lookups limited to the sender's verified account; replies reviewed by an agent before sending | M6: A.9 Use of AI systems | N6: 2 | O6: 4 | P6: =IF(OR(N6="",O6=""),"",VALUE(N6)*VALUE(O6)) -> 8 | Q6: =IF(P6="","",IF(P6>=15,"High",IF(P6>=8,"Medium","Low"))) -> Medium | R6: Mitigate | S6: Add output filter that blocks other customers' identifiers; red-team test before next release | T6: Platform Engineering Lead | U6: 46371 | V6: In progress | X6: =IF(OR(U6="",V6="Done"),"",IF(U6<TODAY(),"OVERDUE",""))
C7: =IF(B7="","",IFERROR(INDEX('AI Inventory'!$B:$B,MATCH(B7,'AI Inventory'!$A:$A,0)),"ID not in inventory")) | J7: =IF(OR(H7="",I7=""),"",VALUE(H7)*VALUE(I7)) | K7: =IF(J7="","",IF(J7>=15,"High",IF(J7>=8,"Medium","Low"))) | P7: =IF(OR(N7="",O7=""),"",VALUE(N7)*VALUE(O7)) | Q7: =IF(P7="","",IF(P7>=15,"High",IF(P7>=8,"Medium","Low"))) | X7: =IF(OR(U7="",V7="Done"),"",IF(U7<TODAY(),"OVERDUE",""))
C8: =IF(B8="","",IFERROR(INDEX('AI Inventory'!$B:$B,MATCH(B8,'AI Inventory'!$A:$A,0)),"ID not in inventory")) | J8: =IF(OR(H8="",I8=""),"",VALUE(H8)*VALUE(I8)) | K8: =IF(J8="","",IF(J8>=15,"High",IF(J8>=8,"Medium","Low"))) | P8: =IF(OR(N8="",O8=""),"",VALUE(N8)*VALUE(O8)) | Q8: =IF(P8="","",IF(P8>=15,"High",IF(P8>=8,"Medium","Low"))) | X8: =IF(OR(U8="",V8="Done"),"",IF(U8<TODAY(),"OVERDUE",""))
C9: =IF(B9="","",IFERROR(INDEX('AI Inventory'!$B:$B,MATCH(B9,'AI Inventory'!$A:$A,0)),"ID not in inventory")) | J9: =IF(OR(H9="",I9=""),"",VALUE(H9)*VALUE(I9)) | K9: =IF(J9="","",IF(J9>=15,"High",IF(J9>=8,"Medium","Low"))) | P9: =IF(OR(N9="",O9=""),"",VALUE(N9)*VALUE(O9)) | Q9: =IF(P9="","",IF(P9>=15,"High",IF(P9>=8,"Medium","Low"))) | X9: =IF(OR(U9="",V9="Done"),"",IF(U9<TODAY(),"OVERDUE",""))
C10: =IF(B10="","",IFERROR(INDEX('AI Inventory'!$B:$B,MATCH(B10,'AI Inventory'!$A:$A,0)),"ID not in inventory")) | J10: =IF(OR(H10="",I10=""),"",VALUE(H10)*VALUE(I10)) | K10: =IF(J10="","",IF(J10>=15,"High",IF(J10>=8,"Medium","Low"))) | P10: =IF(OR(N10="",O10=""),"",VALUE(N10)*VALUE(O10)) | Q10: =IF(P10="","",IF(P10>=15,"High",IF(P10>=8,"Medium","Low"))) | X10: =IF(OR(U10="",V10="Done"),"",IF(U10<TODAY(),"OVERDUE",""))
C11: =IF(B11="","",IFERROR(INDEX('AI Inventory'!$B:$B,MATCH(B11,'AI Inventory'!$A:$A,0)),"ID not in inventory")) | J11: =IF(OR(H11="",I11=""),"",VALUE(H11)*VALUE(I11)) | K11: =IF(J11="","",IF(J11>=15,"High",IF(J11>=8,"Medium","Low"))) | P11: =IF(OR(N11="",O11=""),"",VALUE(N11)*VALUE(O11)) | Q11: =IF(P11="","",IF(P11>=15,"High",IF(P11>=8,"Medium","Low"))) | X11: =IF(OR(U11="",V11="Done"),"",IF(U11<TODAY(),"OVERDUE",""))
C12: =IF(B12="","",IFERROR(INDEX('AI Inventory'!$B:$B,MATCH(B12,'AI Inventory'!$A:$A,0)),"ID not in inventory")) | J12: =IF(OR(H12="",I12=""),"",VALUE(H12)*VALUE(I12)) | K12: =IF(J12="","",IF(J12>=15,"High",IF(J12>=8,"Medium","Low"))) | P12: =IF(OR(N12="",O12=""),"",VALUE(N12)*VALUE(O12)) | Q12: =IF(P12="","",IF(P12>=15,"High",IF(P12>=8,"Medium","Low"))) | X12: =IF(OR(U12="",V12="Done"),"",IF(U12<TODAY(),"OVERDUE",""))
C13: =IF(B13="","",IFERROR(INDEX('AI Inventory'!$B:$B,MATCH(B13,'AI Inventory'!$A:$A,0)),"ID not in inventory")) | J13: =IF(OR(H13="",I13=""),"",VALUE(H13)*VALUE(I13)) | K13: =IF(J13="","",IF(J13>=15,"High",IF(J13>=8,"Medium","Low"))) | P13: =IF(OR(N13="",O13=""),"",VALUE(N13)*VALUE(O13)) | Q13: =IF(P13="","",IF(P13>=15,"High",IF(P13>=8,"Medium","Low"))) | X13: =IF(OR(U13="",V13="Done"),"",IF(U13<TODAY(),"OVERDUE",""))
C14: =IF(B14="","",IFERROR(INDEX('AI Inventory'!$B:$B,MATCH(B14,'AI Inventory'!$A:$A,0)),"ID not in inventory")) | J14: =IF(OR(H14="",I14=""),"",VALUE(H14)*VALUE(I14)) | K14: =IF(J14="","",IF(J14>=15,"High",IF(J14>=8,"Medium","Low"))) | P14: =IF(OR(N14="",O14=""),"",VALUE(N14)*VALUE(O14)) | Q14: =IF(P14="","",IF(P14>=15,"High",IF(P14>=8,"Medium","Low"))) | X14: =IF(OR(U14="",V14="Done"),"",IF(U14<TODAY(),"OVERDUE",""))
C15: =IF(B15="","",IFERROR(INDEX('AI Inventory'!$B:$B,MATCH(B15,'AI Inventory'!$A:$A,0)),"ID not in inventory")) | J15: =IF(OR(H15="",I15=""),"",VALUE(H15)*VALUE(I15)) | K15: =IF(J15="","",IF(J15>=15,"High",IF(J15>=8,"Medium","Low"))) | P15: =IF(OR(N15="",O15=""),"",VALUE(N15)*VALUE(O15)) | Q15: =IF(P15="","",IF(P15>=15,"High",IF(P15>=8,"Medium","Low"))) | X15: =IF(OR(U15="",V15="Done"),"",IF(U15<TODAY(),"OVERDUE",""))
C16: =IF(B16="","",IFERROR(INDEX('AI Inventory'!$B:$B,MATCH(B16,'AI Inventory'!$A:$A,0)),"ID not in inventory")) | J16: =IF(OR(H16="",I16=""),"",VALUE(H16)*VALUE(I16)) | K16: =IF(J16="","",IF(J16>=15,"High",IF(J16>=8,"Medium","Low"))) | P16: =IF(OR(N16="",O16=""),"",VALUE(N16)*VALUE(O16)) | Q16: =IF(P16="","",IF(P16>=15,"High",IF(P16>=8,"Medium","Low"))) | X16: =IF(OR(U16="",V16="Done"),"",IF(U16<TODAY(),"OVERDUE",""))
C17: =IF(B17="","",IFERROR(INDEX('AI Inventory'!$B:$B,MATCH(B17,'AI Inventory'!$A:$A,0)),"ID not in inventory")) | J17: =IF(OR(H17="",I17=""),"",VALUE(H17)*VALUE(I17)) | K17: =IF(J17="","",IF(J17>=15,"High",IF(J17>=8,"Medium","Low"))) | P17: =IF(OR(N17="",O17=""),"",VALUE(N17)*VALUE(O17)) | Q17: =IF(P17="","",IF(P17>=15,"High",IF(P17>=8,"Medium","Low"))) | X17: =IF(OR(U17="",V17="Done"),"",IF(U17<TODAY(),"OVERDUE",""))
C18: =IF(B18="","",IFERROR(INDEX('AI Inventory'!$B:$B,MATCH(B18,'AI Inventory'!$A:$A,0)),"ID not in inventory")) | J18: =IF(OR(H18="",I18=""),"",VALUE(H18)*VALUE(I18)) | K18: =IF(J18="","",IF(J18>=15,"High",IF(J18>=8,"Medium","Low"))) | P18: =IF(OR(N18="",O18=""),"",VALUE(N18)*VALUE(O18)) | Q18: =IF(P18="","",IF(P18>=15,"High",IF(P18>=8,"Medium","Low"))) | X18: =IF(OR(U18="",V18="Done"),"",IF(U18<TODAY(),"OVERDUE",""))
... C155: =IF(B155="","",IFERROR(INDEX('AI Inventory'!$B:$B,MATCH(B155,'AI Inventory'!$A:$A,0)),"ID not in inventory")) | J155: =IF(OR(H155="",I155=""),"",VALUE(H155)*VALUE(I155)) | K155: =IF(J155="","",IF(J155>=15,"High",IF(J155>=8,"Medium","Low"))) | P155: =IF(OR(N155="",O155=""),"",VALUE(N155)*VALUE(O155)) | Q155: =IF(P155="","",IF(P155>=15,"High",IF(P155>=8,"Medium","Low"))) | X155: =IF(OR(U155="",V155="Done"),"",IF(U155<TODAY(),"OVERDUE",""))

Sheet Scoring Guide
B1: Scoring Guide
B2: By John Bommeraveni Joseph | linkedin.com/in/john-bj | Free every weekday: GRC Made Simple Daily
B5: Score | C5: Likelihood (over the next 12 months) | D5: Impact (worst credible outcome)
B6: 5 | C6: Almost certain: expected to happen, or already seen here | D6: Severe: regulatory action, major breach of personal data, harm to people, or loss a board must report
B7: 4 | C7: Likely: has happened at comparable organisations; weak or no controls | D7: Major: notifiable incident, significant customer impact, material financial loss
B8: 3 | C8: Possible: plausible with current exposure and partial controls | D8: Moderate: contained incident, limited customer impact, internal escalation
B9: 2 | C9: Unlikely: requires several controls to fail | D9: Minor: small, quickly corrected impact; no external reporting
B10: 1 | C10: Rare: no known path with current controls | D10: Negligible: no meaningful effect
B12: Rating = Likelihood x Impact. 15-25 High (treat now, report to risk committee) 8-14 Medium (treat within plan) 1-7 Low (monitor).
B13: These scales are a starting point. Align them with your enterprise risk methodology before first use and record that decision.

Sheet Heat Map
B1: Risk Heat Map (open inherent risks)
B2: By John Bommeraveni Joseph | linkedin.com/in/john-bj | Free every weekday: GRC Made Simple Daily
B5: Impact → / Likelihood ↓ | C5: 1 | D5: 2 | E5: 3 | F5: 4 | G5: 5
B6: 5 | C6: =COUNTIFS('Risk Register'!$H:$H,"5",'Risk Register'!$I:$I,"1",'Risk Register'!$V:$V,"<>Done") -> 0 | D6: =COUNTIFS('Risk Register'!$H:$H,"5",'Risk Register'!$I:$I,"2",'Risk Register'!$V:$V,"<>Done") -> 0 | E6: =COUNTIFS('Risk Register'!$H:$H,"5",'Risk Register'!$I:$I,"3",'Risk Register'!$V:$V,"<>Done") -> 0 | F6: =COUNTIFS('Risk Register'!$H:$H,"5",'Risk Register'!$I:$I,"4",'Risk Register'!$V:$V,"<>Done") -> 0 | G6: =COUNTIFS('Risk Register'!$H:$H,"5",'Risk Register'!$I:$I,"5",'Risk Register'!$V:$V,"<>Done") -> 0
B7: 4 | C7: =COUNTIFS('Risk Register'!$H:$H,"4",'Risk Register'!$I:$I,"1",'Risk Register'!$V:$V,"<>Done") -> 0 | D7: =COUNTIFS('Risk Register'!$H:$H,"4",'Risk Register'!$I:$I,"2",'Risk Register'!$V:$V,"<>Done") -> 0 | E7: =COUNTIFS('Risk Register'!$H:$H,"4",'Risk Register'!$I:$I,"3",'Risk Register'!$V:$V,"<>Done") -> 0 | F7: =COUNTIFS('Risk Register'!$H:$H,"4",'Risk Register'!$I:$I,"4",'Risk Register'!$V:$V,"<>Done") -> 0 | G7: =COUNTIFS('Risk Register'!$H:$H,"4",'Risk Register'!$I:$I,"5",'Risk Register'!$V:$V,"<>Done") -> 0
B8: 3 | C8: =COUNTIFS('Risk Register'!$H:$H,"3",'Risk Register'!$I:$I,"1",'Risk Register'!$V:$V,"<>Done") -> 0 | D8: =COUNTIFS('Risk Register'!$H:$H,"3",'Risk Register'!$I:$I,"2",'Risk Register'!$V:$V,"<>Done") -> 0 | E8: =COUNTIFS('Risk Register'!$H:$H,"3",'Risk Register'!$I:$I,"3",'Risk Register'!$V:$V,"<>Done") -> 0 | F8: =COUNTIFS('Risk Register'!$H:$H,"3",'Risk Register'!$I:$I,"4",'Risk Register'!$V:$V,"<>Done") -> 0 | G8: =COUNTIFS('Risk Register'!$H:$H,"3",'Risk Register'!$I:$I,"5",'Risk Register'!$V:$V,"<>Done") -> 1
B9: 2 | C9: =COUNTIFS('Risk Register'!$H:$H,"2",'Risk Register'!$I:$I,"1",'Risk Register'!$V:$V,"<>Done") -> 0 | D9: =COUNTIFS('Risk Register'!$H:$H,"2",'Risk Register'!$I:$I,"2",'Risk Register'!$V:$V,"<>Done") -> 0 | E9: =COUNTIFS('Risk Register'!$H:$H,"2",'Risk Register'!$I:$I,"3",'Risk Register'!$V:$V,"<>Done") -> 0 | F9: =COUNTIFS('Risk Register'!$H:$H,"2",'Risk Register'!$I:$I,"4",'Risk Register'!$V:$V,"<>Done") -> 0 | G9: =COUNTIFS('Risk Register'!$H:$H,"2",'Risk Register'!$I:$I,"5",'Risk Register'!$V:$V,"<>Done") -> 0
B10: 1 | C10: =COUNTIFS('Risk Register'!$H:$H,"1",'Risk Register'!$I:$I,"1",'Risk Register'!$V:$V,"<>Done") -> 0 | D10: =COUNTIFS('Risk Register'!$H:$H,"1",'Risk Register'!$I:$I,"2",'Risk Register'!$V:$V,"<>Done") -> 0 | E10: =COUNTIFS('Risk Register'!$H:$H,"1",'Risk Register'!$I:$I,"3",'Risk Register'!$V:$V,"<>Done") -> 0 | F10: =COUNTIFS('Risk Register'!$H:$H,"1",'Risk Register'!$I:$I,"4",'Risk Register'!$V:$V,"<>Done") -> 0 | G10: =COUNTIFS('Risk Register'!$H:$H,"1",'Risk Register'!$I:$I,"5",'Risk Register'!$V:$V,"<>Done") -> 0
B12: Each cell counts open risks (status not Done) at that likelihood and impact on the Risk Register.

Sheet Sources
B1: Sources and further reading
B2: By John Bommeraveni Joseph | linkedin.com/in/john-bj | Free every weekday: GRC Made Simple Daily
B5: Source | C5: Link
B6: Regulation (EU) 2024/1689 (Artificial Intelligence Act) - Art. 5 prohibited practices, Art. 6 and Annexes I and III high-risk classification, Art. 25 when a deployer becomes a provider, Art. 26 deployer obligations, Art. 50 transparency | C6: https://eur-lex.europa.eu/eli/reg/2024/1689/oj
B7: European Commission - AI Act standardisation (harmonised standards, including EN 18286 quality management) | C7: https://digital-strategy.ec.europa.eu/en/policies/ai-act-standardisation
B8: ISO/IEC 42001:2023 Artificial intelligence - Management system (Annex A referenced by section title only) | C8: https://www.iso.org/standard/81230.html
B9: NIST AI Risk Management Framework 1.0 (Govern, Map, Measure, Manage) | C9: https://www.nist.gov/itl/ai-risk-management-framework
B10: OWASP Top 10 for Large Language Model Applications | C10: https://genai.owasp.org/llm-top-10/
B11: Simon Willison - 'The lethal trifecta for AI agents' | C11: https://simonwillison.net/2025/Jun/16/the-lethal-trifecta/
B13: Template by John Bommeraveni Joseph - ISO/IEC 27001, 42001 and 27701 Lead Auditor. Follow on LinkedIn for the free weekday newsletter GRC Made Simple Daily: linkedin.com/in/john-bj

Sheet Lists
B1: Lists (drop-down values)
B2: By John Bommeraveni Joseph | linkedin.com/in/john-bj | Free every weekday: GRC Made Simple Daily
A5: YesNo | B5: YesNoPartial | C5: AIType | D5: Build | E5: Status | F5: DecisionMode | G5: AIActRole | H5: AIActClass | I5: AnnexIII | J5: Assessed | K5: RiskCat | L5: AnnexA | M5: Scale | N5: Treatment | O5: TStatus
A6: Yes | B6: Yes | C6: Generative (text/image/code) | D6: Built in-house | E6: Idea | F6: Decides automatically | G6: Provider | H6: Prohibited practice (Art. 5) - stop | I6: Not applicable | J6: Yes | K6: Security - prompt injection | L6: A.2 Policies related to AI | M6: 1 | N6: Mitigate | O6: Not started
A7: No | B7: Partly | C7: Predictive / scoring | D7: Vendor product | E7: Pilot | F7: Advises a human who decides | G7: Deployer | H7: High-risk - Annex III (Art. 6(2)) | I7: 1. Biometrics | J7: In progress | K7: Security - data poisoning | L7: A.3 Internal organization | M7: 2 | N7: Accept | O7: In progress
B8: No | C8: Classification | D8: Vendor model API | E8: Production | F8: Informational only | G8: Importer | H8: High-risk - Annex I product (Art. 6(1)) | I8: 2. Critical infrastructure | J8: No | K8: Security - model / supply chain | L8: A.4 Resources for AI systems | M8: 3 | N8: Transfer | O8: Done
C9: Recommender | D9: Open-source model (self-hosted) | E9: Retired | G9: Distributor | H9: Transparency obligations (Art. 50) | I9: 3. Education and vocational training | K9: Security - excessive agency (tools & actions) | L9: A.5 Assessing impacts of AI systems | M9: 4 | N9: Avoid | O9: Blocked
C10: AI agent with tools | D10: AI feature inside existing SaaS | G10: Authorised representative | H10: Minimal risk | I10: 4. Employment, workers management and access to self-employment | K10: Privacy - personal data exposure | L10: A.6 AI system life cycle | M10: 5
C11: Computer vision | D11: Personal account / shadow AI | G11: Product manufacturer | H11: To assess | I11: 5. Access to essential private services and essential public services and benefits | K11: Fairness - bias and discrimination | L11: A.7 Data for AI systems
C12: Speech | G12: Not in scope | I12: 6. Law enforcement | K12: Reliability - wrong or invented output | L12: A.8 Information for interested parties of AI systems
C13: Other | G13: To assess | I13: 7. Migration, asylum and border control management | K13: Transparency - users not informed | L13: A.9 Use of AI systems
I14: 8. Administration of justice and democratic processes | K14: Legal and regulatory | L14: A.10 Third-party and customer relationships
K15: Third party / provider change
K16: Accountability - no owner or oversight
